{"pid": 106, "dates": [0, 1, 2, 3, 4, 5, 6, 7, 8, 9, 10, 11], "mean": [66.48, 62.97, 67.37, 67.8, 64.25, 66.13, 69.89, 55.73, 70.37, 66.99, 96.82, 92.14], "min": [43, 43, 45, 36, 42, 42, 47, 41, 48, 41, 61, 49], "max": [109, 85, 82, 91, 95, 92, 106, 100, 115, 128, 171, 175], "std": [7.18, 7.09, 8.43, 6.17, 7.75, 8.24, 5.29, 8.3, 4.11, 20.08, 22.2, 21.01], "hrv": [370.93405616325066, 416.30219171963773, 247.78240186276113, 429.3104716625088, 463.9501598371624, 498.6499945457044, 357.3890281487606, 445.77564412198143, 200.80458302948884, 343.39210532442667, 779.3105608219182, 1337.537735166939]}