{"pid": 75, "dates": [0, 1, 2, 3, 4, 5, 6, 7, 8, 9, 10, 11, 12, 13, 14, 15, 16], "mean": [84.35, 81.07, 72.07, 75.3, 78.93, 82.03, 88.16, 74.51, 73.15, 82.19, 84.08, 76.37, 83.86, 83.15, 77.29, 81.04, 79.1], "min": [58, 57, 66, 55, 47, 50, 49, 55, 36, 48, 58, 49, 46, 54, 50, 55, 55], "max": [125, 119, 74, 115, 156, 172, 133, 119, 156, 150, 116, 131, 163, 147, 123, 124, 102], "std": [7.63, 8.51, 2.66, 8.72, 9.79, 14.13, 18.16, 7.89, 13.31, 13.24, 7.79, 9.69, 14.0, 11.98, 7.44, 9.93, 5.9], "hrv": [267.3965935914844, 273.5858765914576, 16.106872438000785, 315.99884069373206, 418.9567439431633, 830.9672802571907, 492.101891434446, 341.4176999824064, 660.8687685765619, 364.11148502985304, 250.15952359795216, 418.1727591185561, 356.5874021561857, 459.3420545860735, 375.57567749667135, 293.7271778658712, 98.12270157604492]}