{"pid": 80, "dates": [0, 1, 2, 3, 4, 5, 6, 7, 8, 9, 10, 11, 12, 13], "mean": [75.66, 76.5, 75.91, 73.65, 79.0, 71.82, 82.09, 79.1, 79.83, 76.78, 79.24, 75.63, 76.16, 76.03], "min": [61, 62, 59, 62, 64, 63, 58, 52, 67, 61, 63, 63, 63, 60], "max": [106, 125, 102, 119, 106, 111, 163, 178, 105, 106, 127, 105, 108, 138], "std": [4.68, 3.73, 4.58, 5.31, 2.83, 3.58, 16.07, 13.65, 6.59, 6.29, 9.5, 1.97, 5.49, 5.7], "hrv": [176.55271498151552, 231.44339421503867, 221.28494079576672, 131.94678664790996, 127.14117611612598, 144.8843120159258, 277.91069756101535, 535.9706996804126, 94.64239303423976, 226.45937618749994, 102.11557909287905, 128.9092385162618, 125.10759296951751, 210.594465321355]}