{"pid": 90, "dates": [0, 1, 2, 3, 4, 5, 6, 7, 8, 9, 10, 11, 12, 13], "mean": [71.76, 70.96, 72.0, 71.33, 75.05, 73.4, 70.49, 74.32, 76.34, 71.74, 86.98, 52.47, 78.98, 77.04], "min": [48, 49, 51, 43, 48, 54, 48, 58, 46, 60, 53, 38, 37, 61], "max": [129, 112, 116, 107, 157, 97, 138, 109, 120, 117, 171, 166, 184, 163], "std": [6.48, 5.84, 4.9, 5.68, 11.14, 5.33, 5.63, 5.07, 4.21, 2.3, 15.28, 19.8, 24.07, 11.12], "hrv": [397.85930831299004, 662.8267889307782, 415.4442288930566, 568.3071469216874, 630.3933703174358, 97.50469090268919, 578.8664895196825, 222.2396941081178, 250.58448436006628, 135.58537241463964, 399.7758994750733, 512.5023120892324, 1107.1183205328996, 243.61419276994494]}