{"pid": 34, "dates": [0, 1, 2, 3, 4, 5, 6, 7, 8, 9, 10], "mean": [79.69, 76.3, 81.75, 80.22, 79.32, 78.85, 76.88, 105.61, 76.09, 83.39, 79.14], "min": [64, 55, 49, 55, 45, 49, 63, 61, 50, 71, 68], "max": [145, 137, 116, 115, 129, 116, 156, 156, 155, 145, 87], "std": [11.03, 7.95, 8.61, 8.23, 9.09, 8.25, 4.43, 28.43, 10.83, 14.24, 4.43], "hrv": [252.30168147232797, 325.9201650164311, 434.9185260053488, 354.8124548298248, 332.57982516061077, 380.55709391467974, 172.82349269800278, 184.68267867830195, 342.79960702854504, 99.59190278695853, 38.78831531460095]}