{"pid": 131, "dates": [0, 1, 2, 3, 4, 5, 6, 7, 8, 9, 10, 11], "mean": [75.25, 76.5, 71.14, 98.81, 75.27, 75.49, 70.98, 77.2, 68.49, 74.21, 70.32, 78.19], "min": [62, 38, 49, 70, 58, 61, 53, 39, 36, 49, 52, 64], "max": [93, 110, 164, 171, 100, 101, 144, 163, 101, 139, 100, 95], "std": [5.39, 6.49, 9.67, 22.03, 4.77, 5.24, 7.32, 10.98, 4.4, 9.42, 5.34, 6.67], "hrv": [187.6202010804205, 450.36309466570657, 500.7034353129032, 297.8984893397335, 256.904413656955, 187.94563143061072, 301.2563112352869, 440.62866039913223, 578.8462534786836, 347.83867768501267, 331.8302643528307, 56.64656324172249]}