{"pid": 53, "dates": [0, 1, 2, 3, 4, 5, 6, 7, 8, 9, 10, 11, 12, 13], "mean": [82.99, 84.04, 74.21, 73.11, 75.71, 75.3, 85.95, 87.32, 87.55, 82.05, 88.41, 85.69, 78.34, 86.16], "min": [68, 49, 59, 60, 63, 57, 54, 59, 49, 0, 51, 50, 46, 67], "max": [102, 124, 112, 163, 133, 133, 179, 200, 180, 189, 175, 172, 150, 171], "std": [6.6, 13.57, 6.66, 4.93, 5.44, 5.78, 16.65, 17.49, 15.22, 15.26, 22.54, 14.47, 9.15, 12.39], "hrv": [86.55328325202285, 332.2177331962058, 289.811425749628, 271.46004476735453, 170.58608205361404, 213.83599732174392, 701.7543655643296, 718.7191879291798, 781.023587132528, Infinity, 714.9132152120867, 713.0042780734864, 409.79353555075636, 256.84085370311954]}