{"pid": 27, "dates": [0, 1, 2, 3, 4, 5, 6, 7, 8, 9, 10, 11, 12, 13, 14, 15], "mean": [80.05, 84.73, 84.34, 83.01, 82.94, 74.61, 73.16, 68.33, 77.42, 73.3, 75.27, 75.33, 75.9, 79.02, 74.95, 80.49], "min": [55, 57, 54, 50, 48, 51, 49, 43, 61, 56, 52, 59, 57, 45, 60, 58], "max": [144, 144, 137, 186, 144, 156, 144, 124, 118, 171, 160, 128, 150, 140, 153, 142], "std": [11.15, 13.41, 12.53, 15.8, 15.86, 11.22, 7.77, 7.84, 7.59, 6.42, 8.93, 5.17, 8.44, 9.24, 7.74, 8.06], "hrv": [514.8150098537266, 401.9990840993438, 405.95919862505343, 542.0888002181991, 611.5802877897355, 514.9375445157708, 524.3639162175699, 676.1003858118826, 354.1912149674162, 395.60052780754773, 389.6782767042508, 289.7505258850437, 379.415968167564, 489.828275137629, 367.3663107136361, 318.1952514739889]}