{"pid": 129, "dates": [0, 1, 2, 3, 4, 5, 6, 7, 8, 9], "mean": [80.04, 77.02, 77.9, 77.81, 84.74, 80.83, 77.68, 74.57, 66.22, 74.52], "min": [48, 59, 56, 62, 59, 46, 45, 60, 61, 50], "max": [123, 127, 109, 137, 136, 144, 124, 128, 119, 120], "std": [9.03, 8.67, 9.29, 10.61, 15.71, 13.05, 10.7, 8.64, 4.6, 7.3], "hrv": [762.9153933893754, 353.97693277436923, 237.39801093682757, 112.11649049277636, 365.71194593008585, 453.51082553588867, 391.32840751796726, 220.7660171643704, 123.19406150422692, 244.31449089537114]}