{"pid": 118, "dates": [0, 1, 2, 3, 4, 5, 6, 7, 8, 9, 10, 11, 12, 13, 14, 15], "mean": [74.64, 75.45, 77.35, 90.02, 89.91, 79.02, 77.99, 80.41, 80.75, 80.26, 72.77, 77.39, 77.23, 76.03, 78.72, 83.99], "min": [49, 53, 48, 36, 61, 54, 47, 49, 49, 49, 45, 40, 51, 58, 49, 61], "max": [120, 133, 120, 120, 130, 109, 110, 136, 124, 118, 144, 133, 132, 113, 131, 118], "std": [8.77, 4.85, 5.67, 14.96, 16.04, 5.82, 7.08, 12.07, 7.21, 9.58, 6.24, 6.15, 7.7, 6.76, 8.72, 8.55], "hrv": [445.47801021665765, 426.00931593799316, 509.3333004280213, 280.71349294662673, 238.41067480407736, 346.25252586141, 273.8152389416734, 731.2178683276529, 434.81386839850666, 361.357937224508, 392.56000560558374, 310.06259224085017, 335.30301155291033, 242.36547575979557, 324.12443239146455, 150.16561004593393]}