{"pid": 52, "dates": [0, 1, 2, 3, 4, 5, 6, 7, 8, 9, 10, 11, 12, 13, 14, 15], "mean": [81.37, 76.65, 72.13, 73.48, 71.66, 85.62, 93.63, 74.76, 74.1, 74.84, 70.74, 75.87, 71.86, 81.33, 71.56, 73.65], "min": [58, 60, 51, 51, 60, 46, 45, 52, 50, 57, 50, 48, 35, 51, 54, 57], "max": [102, 117, 120, 124, 84, 171, 163, 138, 120, 112, 104, 128, 105, 165, 112, 120], "std": [5.51, 6.84, 6.55, 6.34, 3.17, 27.49, 22.5, 5.19, 9.5, 5.34, 5.77, 8.59, 7.27, 18.86, 6.01, 7.83], "hrv": [100.97583196783457, 227.35276773382395, 331.38165829854466, 243.52672118791676, 91.23559074535918, 647.2880772815727, 369.9430674414681, 350.0274503562199, 296.971109684541, 259.03812294222723, 263.50003575992497, 339.22472235215275, 395.74468914383567, 477.86087529615673, 240.51245286996814, 188.6462435903317]}