{"pid": 88, "dates": [0, 1, 2, 3, 4, 5, 6, 7, 8, 9, 10, 11, 12, 13, 14, 15, 16, 17, 18, 19, 20], "mean": [68.46, 79.99, 74.83, 74.85, 72.38, 74.68, 78.55, 86.93, 88.06, 84.64, 85.4, 80.71, 89.75, 88.35, 82.11, 92.94, 77.41, 69.77, 89.3, 90.75, 85.55], "min": [56, 50, 45, 53, 57, 35, 62, 56, 67, 55, 50, 56, 51, 50, 66, 67, 47, 45, 70, 54, 66], "max": [96, 133, 105, 116, 133, 120, 167, 164, 164, 180, 178, 171, 189, 163, 200, 151, 180, 154, 161, 175, 142], "std": [4.05, 17.55, 5.58, 6.5, 5.52, 5.55, 9.93, 16.62, 15.26, 14.82, 16.81, 17.01, 22.35, 25.34, 13.13, 20.75, 12.77, 14.35, 18.68, 26.2, 13.46], "hrv": [90.94910677601374, 461.7118404671756, 302.483047937769, 327.03281300604357, 241.9745705857807, 336.09160559124746, 440.84516907151914, 641.1412085564976, 445.55800617188754, 771.7193113296161, 693.7071246775039, 423.8406372777898, 701.9647824153267, 358.5650954249977, 538.840881496884, 165.2989317303444, 618.9970043482713, 1729.6762047306916, 141.97820193808462, 723.1013556883925, 141.01260773289786]}